token,source_text,cleaned_video_path,cleaned_pose_path,num_frames,pose_dim,signer_id,take_id,id,trim_start_frames,trim_end_frames,success,error_message
اربعه,أربعة,C:/Users/alaan/Desktop/SignData_Prepared/large_sentence_experiment/assets/cleaned_tokens/اربعه/S01_T01.mp4,C:/Users/alaan/Desktop/SignData_Prepared/large_sentence_experiment/assets/cleaned_pose_full/اربعه/TOK_0001_T01.npy,38,1629,S01,T01,TOK_0001_T01,0,0,True,
اربعه,أربعة,C:/Users/alaan/Desktop/SignData_Prepared/large_sentence_experiment/assets/cleaned_tokens/اربعه/S01_T02.mp4,C:/Users/alaan/Desktop/SignData_Prepared/large_sentence_experiment/assets/cleaned_pose_full/اربعه/TOK_0001_T02.npy,30,1629,S01,T02,TOK_0001_T02,0,0,True,
اربعه,أربعة,C:/Users/alaan/Desktop/SignData_Prepared/large_sentence_experiment/assets/cleaned_tokens/اربعه/S01_T03.mp4,C:/Users/alaan/Desktop/SignData_Prepared/large_sentence_experiment/assets/cleaned_pose_full/اربعه/TOK_0001_T03.npy,53,1629,S01,T03,TOK_0001_T03,0,16,True,
اربعه,أربعة,C:/Users/alaan/Desktop/SignData_Prepared/large_sentence_experiment/assets/cleaned_tokens/اربعه/S01_T04.mp4,C:/Users/alaan/Desktop/SignData_Prepared/large_sentence_experiment/assets/cleaned_pose_full/اربعه/TOK_0001_T04.npy,34,1629,S01,T04,TOK_0001_T04,0,2,True,
اسبوع,أسبوع,C:/Users/alaan/Desktop/SignData_Prepared/large_sentence_experiment/assets/cleaned_tokens/اسبوع/S01_T01.mp4,C:/Users/alaan/Desktop/SignData_Prepared/large_sentence_experiment/assets/cleaned_pose_full/اسبوع/TOK_0002_T01.npy,39,1629,S01,T01,TOK_0002_T01,4,5,True,
اسبوع,أسبوع,C:/Users/alaan/Desktop/SignData_Prepared/large_sentence_experiment/assets/cleaned_tokens/اسبوع/S01_T02.mp4,C:/Users/alaan/Desktop/SignData_Prepared/large_sentence_experiment/assets/cleaned_pose_full/اسبوع/TOK_0002_T02.npy,40,1629,S01,T02,TOK_0002_T02,0,1,True,
اسبوع,أسبوع,C:/Users/alaan/Desktop/SignData_Prepared/large_sentence_experiment/assets/cleaned_tokens/اسبوع/S01_T03.mp4,C:/Users/alaan/Desktop/SignData_Prepared/large_sentence_experiment/assets/cleaned_pose_full/اسبوع/TOK_0002_T03.npy,18,1629,S01,T03,TOK_0002_T03,0,26,True,
اسبوع,أسبوع,C:/Users/alaan/Desktop/SignData_Prepared/large_sentence_experiment/assets/cleaned_tokens/اسبوع/S01_T04.mp4,C:/Users/alaan/Desktop/SignData_Prepared/large_sentence_experiment/assets/cleaned_pose_full/اسبوع/TOK_0002_T04.npy,30,1629,S01,T04,TOK_0002_T04,4,2,True,
اوقف,أوقف,C:/Users/alaan/Desktop/SignData_Prepared/large_sentence_experiment/assets/cleaned_tokens/اوقف/S01_T01.mp4,C:/Users/alaan/Desktop/SignData_Prepared/large_sentence_experiment/assets/cleaned_pose_full/اوقف/TOK_0003_T01.npy,59,1629,S01,T01,TOK_0003_T01,0,2,True,
اوقف,أوقف,C:/Users/alaan/Desktop/SignData_Prepared/large_sentence_experiment/assets/cleaned_tokens/اوقف/S01_T02.mp4,C:/Users/alaan/Desktop/SignData_Prepared/large_sentence_experiment/assets/cleaned_pose_full/اوقف/TOK_0003_T02.npy,46,1629,S01,T02,TOK_0003_T02,0,2,True,
اوقف,أوقف,C:/Users/alaan/Desktop/SignData_Prepared/large_sentence_experiment/assets/cleaned_tokens/اوقف/S01_T03.mp4,C:/Users/alaan/Desktop/SignData_Prepared/large_sentence_experiment/assets/cleaned_pose_full/اوقف/TOK_0003_T03.npy,38,1629,S01,T03,TOK_0003_T03,0,0,True,
اوقف,أوقف,C:/Users/alaan/Desktop/SignData_Prepared/large_sentence_experiment/assets/cleaned_tokens/اوقف/S01_T04.mp4,C:/Users/alaan/Desktop/SignData_Prepared/large_sentence_experiment/assets/cleaned_pose_full/اوقف/TOK_0003_T04.npy,34,1629,S01,T04,TOK_0003_T04,0,3,True,
اسعاف,إسعاف,C:/Users/alaan/Desktop/SignData_Prepared/large_sentence_experiment/assets/cleaned_tokens/اسعاف/S01_T01.mp4,C:/Users/alaan/Desktop/SignData_Prepared/large_sentence_experiment/assets/cleaned_pose_full/اسعاف/TOK_0004_T01.npy,53,1629,S01,T01,TOK_0004_T01,0,4,True,
اسعاف,إسعاف,C:/Users/alaan/Desktop/SignData_Prepared/large_sentence_experiment/assets/cleaned_tokens/اسعاف/S01_T02.mp4,C:/Users/alaan/Desktop/SignData_Prepared/large_sentence_experiment/assets/cleaned_pose_full/اسعاف/TOK_0004_T02.npy,49,1629,S01,T02,TOK_0004_T02,3,17,True,
اسعاف,إسعاف,C:/Users/alaan/Desktop/SignData_Prepared/large_sentence_experiment/assets/cleaned_tokens/اسعاف/S01_T03.mp4,C:/Users/alaan/Desktop/SignData_Prepared/large_sentence_experiment/assets/cleaned_pose_full/اسعاف/TOK_0004_T03.npy,56,1629,S01,T03,TOK_0004_T03,11,0,True,
اسعاف,إسعاف,C:/Users/alaan/Desktop/SignData_Prepared/large_sentence_experiment/assets/cleaned_tokens/اسعاف/S01_T04.mp4,C:/Users/alaan/Desktop/SignData_Prepared/large_sentence_experiment/assets/cleaned_pose_full/اسعاف/TOK_0004_T04.npy,49,1629,S01,T04,TOK_0004_T04,0,6,True,
اسهال,إسهال,C:/Users/alaan/Desktop/SignData_Prepared/large_sentence_experiment/assets/cleaned_tokens/اسهال/S01_T01.mp4,C:/Users/alaan/Desktop/SignData_Prepared/large_sentence_experiment/assets/cleaned_pose_full/اسهال/TOK_0005_T01.npy,51,1629,S01,T01,TOK_0005_T01,2,4,True,
اسهال,إسهال,C:/Users/alaan/Desktop/SignData_Prepared/large_sentence_experiment/assets/cleaned_tokens/اسهال/S01_T02.mp4,C:/Users/alaan/Desktop/SignData_Prepared/large_sentence_experiment/assets/cleaned_pose_full/اسهال/TOK_0005_T02.npy,64,1629,S01,T02,TOK_0005_T02,0,2,True,
اسهال,إسهال,C:/Users/alaan/Desktop/SignData_Prepared/large_sentence_experiment/assets/cleaned_tokens/اسهال/S01_T03.mp4,C:/Users/alaan/Desktop/SignData_Prepared/large_sentence_experiment/assets/cleaned_pose_full/اسهال/TOK_0005_T03.npy,77,1629,S01,T03,TOK_0005_T03,3,2,True,
اسهال,إسهال,C:/Users/alaan/Desktop/SignData_Prepared/large_sentence_experiment/assets/cleaned_tokens/اسهال/S01_T04.mp4,C:/Users/alaan/Desktop/SignData_Prepared/large_sentence_experiment/assets/cleaned_pose_full/اسهال/TOK_0005_T04.npy,57,1629,S01,T04,TOK_0005_T04,0,0,True,
ابلع,ابلع,C:/Users/alaan/Desktop/SignData_Prepared/large_sentence_experiment/assets/cleaned_tokens/ابلع/S01_T01.mp4,C:/Users/alaan/Desktop/SignData_Prepared/large_sentence_experiment/assets/cleaned_pose_full/ابلع/TOK_0006_T01.npy,32,1629,S01,T01,TOK_0006_T01,9,1,True,
ابلع,ابلع,C:/Users/alaan/Desktop/SignData_Prepared/large_sentence_experiment/assets/cleaned_tokens/ابلع/S01_T02.mp4,C:/Users/alaan/Desktop/SignData_Prepared/large_sentence_experiment/assets/cleaned_pose_full/ابلع/TOK_0006_T02.npy,33,1629,S01,T02,TOK_0006_T02,0,4,True,
ابلع,ابلع,C:/Users/alaan/Desktop/SignData_Prepared/large_sentence_experiment/assets/cleaned_tokens/ابلع/S01_T03.mp4,C:/Users/alaan/Desktop/SignData_Prepared/large_sentence_experiment/assets/cleaned_pose_full/ابلع/TOK_0006_T03.npy,64,1629,S01,T03,TOK_0006_T03,0,2,True,
ابلع,ابلع,C:/Users/alaan/Desktop/SignData_Prepared/large_sentence_experiment/assets/cleaned_tokens/ابلع/S01_T04.mp4,C:/Users/alaan/Desktop/SignData_Prepared/large_sentence_experiment/assets/cleaned_pose_full/ابلع/TOK_0006_T04.npy,42,1629,S01,T04,TOK_0006_T04,0,2,True,
اثنين,اثنين,C:/Users/alaan/Desktop/SignData_Prepared/large_sentence_experiment/assets/cleaned_tokens/اثنين/S01_T01.mp4,C:/Users/alaan/Desktop/SignData_Prepared/large_sentence_experiment/assets/cleaned_pose_full/اثنين/TOK_0007_T01.npy,40,1629,S01,T01,TOK_0007_T01,0,0,True,
اثنين,اثنين,C:/Users/alaan/Desktop/SignData_Prepared/large_sentence_experiment/assets/cleaned_tokens/اثنين/S01_T02.mp4,C:/Users/alaan/Desktop/SignData_Prepared/large_sentence_experiment/assets/cleaned_pose_full/اثنين/TOK_0007_T02.npy,30,1629,S01,T02,TOK_0007_T02,0,0,True,
اثنين,اثنين,C:/Users/alaan/Desktop/SignData_Prepared/large_sentence_experiment/assets/cleaned_tokens/اثنين/S01_T03.mp4,C:/Users/alaan/Desktop/SignData_Prepared/large_sentence_experiment/assets/cleaned_pose_full/اثنين/TOK_0007_T03.npy,38,1629,S01,T03,TOK_0007_T03,12,0,True,
اثنين,اثنين,C:/Users/alaan/Desktop/SignData_Prepared/large_sentence_experiment/assets/cleaned_tokens/اثنين/S01_T04.mp4,C:/Users/alaan/Desktop/SignData_Prepared/large_sentence_experiment/assets/cleaned_pose_full/اثنين/TOK_0007_T04.npy,32,1629,S01,T04,TOK_0007_T04,0,0,True,
اذا,اذا,C:/Users/alaan/Desktop/SignData_Prepared/large_sentence_experiment/assets/cleaned_tokens/اذا/S01_T01.mp4,C:/Users/alaan/Desktop/SignData_Prepared/large_sentence_experiment/assets/cleaned_pose_full/اذا/TOK_0008_T01.npy,35,1629,S01,T01,TOK_0008_T01,2,2,True,
اذا,اذا,C:/Users/alaan/Desktop/SignData_Prepared/large_sentence_experiment/assets/cleaned_tokens/اذا/S01_T02.mp4,C:/Users/alaan/Desktop/SignData_Prepared/large_sentence_experiment/assets/cleaned_pose_full/اذا/TOK_0008_T02.npy,40,1629,S01,T02,TOK_0008_T02,0,1,True,
اذا,اذا,C:/Users/alaan/Desktop/SignData_Prepared/large_sentence_experiment/assets/cleaned_tokens/اذا/S01_T03.mp4,C:/Users/alaan/Desktop/SignData_Prepared/large_sentence_experiment/assets/cleaned_pose_full/اذا/TOK_0008_T03.npy,36,1629,S01,T03,TOK_0008_T03,0,2,True,
اذا,اذا,C:/Users/alaan/Desktop/SignData_Prepared/large_sentence_experiment/assets/cleaned_tokens/اذا/S01_T04.mp4,C:/Users/alaan/Desktop/SignData_Prepared/large_sentence_experiment/assets/cleaned_pose_full/اذا/TOK_0008_T04.npy,42,1629,S01,T04,TOK_0008_T04,0,0,True,
استخدم,استخدم,C:/Users/alaan/Desktop/SignData_Prepared/large_sentence_experiment/assets/cleaned_tokens/استخدم/S01_T01.mp4,C:/Users/alaan/Desktop/SignData_Prepared/large_sentence_experiment/assets/cleaned_pose_full/استخدم/TOK_0009_T01.npy,32,1629,S01,T01,TOK_0009_T01,4,22,True,
استخدم,استخدم,C:/Users/alaan/Desktop/SignData_Prepared/large_sentence_experiment/assets/cleaned_tokens/استخدم/S01_T02.mp4,C:/Users/alaan/Desktop/SignData_Prepared/large_sentence_experiment/assets/cleaned_pose_full/استخدم/TOK_0009_T02.npy,36,1629,S01,T02,TOK_0009_T02,0,10,True,
استخدم,استخدم,C:/Users/alaan/Desktop/SignData_Prepared/large_sentence_experiment/assets/cleaned_tokens/استخدم/S01_T03.mp4,C:/Users/alaan/Desktop/SignData_Prepared/large_sentence_experiment/assets/cleaned_pose_full/استخدم/TOK_0009_T03.npy,37,1629,S01,T03,TOK_0009_T03,4,13,True,
استخدم,استخدم,C:/Users/alaan/Desktop/SignData_Prepared/large_sentence_experiment/assets/cleaned_tokens/استخدم/S01_T04.mp4,C:/Users/alaan/Desktop/SignData_Prepared/large_sentence_experiment/assets/cleaned_pose_full/استخدم/TOK_0009_T04.npy,32,1629,S01,T04,TOK_0009_T04,2,12,True,
اشرب,اشرب,C:/Users/alaan/Desktop/SignData_Prepared/large_sentence_experiment/assets/cleaned_tokens/اشرب/S01_T01.mp4,C:/Users/alaan/Desktop/SignData_Prepared/large_sentence_experiment/assets/cleaned_pose_full/اشرب/TOK_0010_T01.npy,38,1629,S01,T01,TOK_0010_T01,6,2,True,
اشرب,اشرب,C:/Users/alaan/Desktop/SignData_Prepared/large_sentence_experiment/assets/cleaned_tokens/اشرب/S01_T02.mp4,C:/Users/alaan/Desktop/SignData_Prepared/large_sentence_experiment/assets/cleaned_pose_full/اشرب/TOK_0010_T02.npy,36,1629,S01,T02,TOK_0010_T02,3,1,True,
اشرب,اشرب,C:/Users/alaan/Desktop/SignData_Prepared/large_sentence_experiment/assets/cleaned_tokens/اشرب/S01_T03.mp4,C:/Users/alaan/Desktop/SignData_Prepared/large_sentence_experiment/assets/cleaned_pose_full/اشرب/TOK_0010_T03.npy,60,1629,S01,T03,TOK_0010_T03,0,1,True,
اشرب,اشرب,C:/Users/alaan/Desktop/SignData_Prepared/large_sentence_experiment/assets/cleaned_tokens/اشرب/S01_T04.mp4,C:/Users/alaan/Desktop/SignData_Prepared/large_sentence_experiment/assets/cleaned_pose_full/اشرب/TOK_0010_T04.npy,29,1629,S01,T04,TOK_0010_T04,0,3,True,
الاذن,الأذن,C:/Users/alaan/Desktop/SignData_Prepared/large_sentence_experiment/assets/cleaned_tokens/الاذن/S01_T01.mp4,C:/Users/alaan/Desktop/SignData_Prepared/large_sentence_experiment/assets/cleaned_pose_full/الاذن/TOK_0011_T01.npy,50,1629,S01,T01,TOK_0011_T01,0,1,True,
الاذن,الأذن,C:/Users/alaan/Desktop/SignData_Prepared/large_sentence_experiment/assets/cleaned_tokens/الاذن/S01_T02.mp4,C:/Users/alaan/Desktop/SignData_Prepared/large_sentence_experiment/assets/cleaned_pose_full/الاذن/TOK_0011_T02.npy,27,1629,S01,T02,TOK_0011_T02,24,0,True,
الاذن,الأذن,C:/Users/alaan/Desktop/SignData_Prepared/large_sentence_experiment/assets/cleaned_tokens/الاذن/S01_T03.mp4,C:/Users/alaan/Desktop/SignData_Prepared/large_sentence_experiment/assets/cleaned_pose_full/الاذن/TOK_0011_T03.npy,67,1629,S01,T03,TOK_0011_T03,0,0,True,
الاذن,الأذن,C:/Users/alaan/Desktop/SignData_Prepared/large_sentence_experiment/assets/cleaned_tokens/الاذن/S01_T04.mp4,C:/Users/alaan/Desktop/SignData_Prepared/large_sentence_experiment/assets/cleaned_pose_full/الاذن/TOK_0011_T04.npy,52,1629,S01,T04,TOK_0011_T04,0,0,True,
الانف,الأنف,C:/Users/alaan/Desktop/SignData_Prepared/large_sentence_experiment/assets/cleaned_tokens/الانف/S01_T01.mp4,C:/Users/alaan/Desktop/SignData_Prepared/large_sentence_experiment/assets/cleaned_pose_full/الانف/TOK_0012_T01.npy,49,1629,S01,T01,TOK_0012_T01,0,2,True,
الانف,الأنف,C:/Users/alaan/Desktop/SignData_Prepared/large_sentence_experiment/assets/cleaned_tokens/الانف/S01_T02.mp4,C:/Users/alaan/Desktop/SignData_Prepared/large_sentence_experiment/assets/cleaned_pose_full/الانف/TOK_0012_T02.npy,46,1629,S01,T02,TOK_0012_T02,0,0,True,
الانف,الأنف,C:/Users/alaan/Desktop/SignData_Prepared/large_sentence_experiment/assets/cleaned_tokens/الانف/S01_T03.mp4,C:/Users/alaan/Desktop/SignData_Prepared/large_sentence_experiment/assets/cleaned_pose_full/الانف/TOK_0012_T03.npy,58,1629,S01,T03,TOK_0012_T03,0,4,True,
الانف,الأنف,C:/Users/alaan/Desktop/SignData_Prepared/large_sentence_experiment/assets/cleaned_tokens/الانف/S01_T04.mp4,C:/Users/alaan/Desktop/SignData_Prepared/large_sentence_experiment/assets/cleaned_pose_full/الانف/TOK_0012_T04.npy,48,1629,S01,T04,TOK_0012_T04,0,0,True,
الجلد,الجلد,C:/Users/alaan/Desktop/SignData_Prepared/large_sentence_experiment/assets/cleaned_tokens/الجلد/S01_T01.mp4,C:/Users/alaan/Desktop/SignData_Prepared/large_sentence_experiment/assets/cleaned_pose_full/الجلد/TOK_0013_T01.npy,42,1629,S01,T01,TOK_0013_T01,0,1,True,
الجلد,الجلد,C:/Users/alaan/Desktop/SignData_Prepared/large_sentence_experiment/assets/cleaned_tokens/الجلد/S01_T02.mp4,C:/Users/alaan/Desktop/SignData_Prepared/large_sentence_experiment/assets/cleaned_pose_full/الجلد/TOK_0013_T02.npy,57,1629,S01,T02,TOK_0013_T02,0,0,True,
الجلد,الجلد,C:/Users/alaan/Desktop/SignData_Prepared/large_sentence_experiment/assets/cleaned_tokens/الجلد/S01_T03.mp4,C:/Users/alaan/Desktop/SignData_Prepared/large_sentence_experiment/assets/cleaned_pose_full/الجلد/TOK_0013_T03.npy,42,1629,S01,T03,TOK_0013_T03,0,0,True,
الجلد,الجلد,C:/Users/alaan/Desktop/SignData_Prepared/large_sentence_experiment/assets/cleaned_tokens/الجلد/S01_T04.mp4,C:/Users/alaan/Desktop/SignData_Prepared/large_sentence_experiment/assets/cleaned_pose_full/الجلد/TOK_0013_T04.npy,34,1629,S01,T04,TOK_0013_T04,0,0,True,
الصباح,الصباح,C:/Users/alaan/Desktop/SignData_Prepared/large_sentence_experiment/assets/cleaned_tokens/الصباح/S01_T01.mp4,C:/Users/alaan/Desktop/SignData_Prepared/large_sentence_experiment/assets/cleaned_pose_full/الصباح/TOK_0014_T01.npy,40,1629,S01,T01,TOK_0014_T01,0,3,True,
الصباح,الصباح,C:/Users/alaan/Desktop/SignData_Prepared/large_sentence_experiment/assets/cleaned_tokens/الصباح/S01_T02.mp4,C:/Users/alaan/Desktop/SignData_Prepared/large_sentence_experiment/assets/cleaned_pose_full/الصباح/TOK_0014_T02.npy,30,1629,S01,T02,TOK_0014_T02,7,0,True,
الصباح,الصباح,C:/Users/alaan/Desktop/SignData_Prepared/large_sentence_experiment/assets/cleaned_tokens/الصباح/S01_T03.mp4,C:/Users/alaan/Desktop/SignData_Prepared/large_sentence_experiment/assets/cleaned_pose_full/الصباح/TOK_0014_T03.npy,56,1629,S01,T03,TOK_0014_T03,0,5,True,
الصباح,الصباح,C:/Users/alaan/Desktop/SignData_Prepared/large_sentence_experiment/assets/cleaned_tokens/الصباح/S01_T04.mp4,C:/Users/alaan/Desktop/SignData_Prepared/large_sentence_experiment/assets/cleaned_pose_full/الصباح/TOK_0014_T04.npy,27,1629,S01,T04,TOK_0014_T04,11,2,True,
العين,العين,C:/Users/alaan/Desktop/SignData_Prepared/large_sentence_experiment/assets/cleaned_tokens/العين/S01_T01.mp4,C:/Users/alaan/Desktop/SignData_Prepared/large_sentence_experiment/assets/cleaned_pose_full/العين/TOK_0015_T01.npy,48,1629,S01,T01,TOK_0015_T01,2,2,True,
العين,العين,C:/Users/alaan/Desktop/SignData_Prepared/large_sentence_experiment/assets/cleaned_tokens/العين/S01_T02.mp4,C:/Users/alaan/Desktop/SignData_Prepared/large_sentence_experiment/assets/cleaned_pose_full/العين/TOK_0015_T02.npy,65,1629,S01,T02,TOK_0015_T02,0,0,True,
العين,العين,C:/Users/alaan/Desktop/SignData_Prepared/large_sentence_experiment/assets/cleaned_tokens/العين/S01_T03.mp4,C:/Users/alaan/Desktop/SignData_Prepared/large_sentence_experiment/assets/cleaned_pose_full/العين/TOK_0015_T03.npy,48,1629,S01,T03,TOK_0015_T03,0,0,True,
العين,العين,C:/Users/alaan/Desktop/SignData_Prepared/large_sentence_experiment/assets/cleaned_tokens/العين/S01_T04.mp4,C:/Users/alaan/Desktop/SignData_Prepared/large_sentence_experiment/assets/cleaned_pose_full/العين/TOK_0015_T04.npy,42,1629,S01,T04,TOK_0015_T04,5,0,True,
الفم,الفم,C:/Users/alaan/Desktop/SignData_Prepared/large_sentence_experiment/assets/cleaned_tokens/الفم/S01_T01.mp4,C:/Users/alaan/Desktop/SignData_Prepared/large_sentence_experiment/assets/cleaned_pose_full/الفم/TOK_0016_T01.npy,43,1629,S01,T01,TOK_0016_T01,0,3,True,
الفم,الفم,C:/Users/alaan/Desktop/SignData_Prepared/large_sentence_experiment/assets/cleaned_tokens/الفم/S01_T02.mp4,C:/Users/alaan/Desktop/SignData_Prepared/large_sentence_experiment/assets/cleaned_pose_full/الفم/TOK_0016_T02.npy,14,1629,S01,T02,TOK_0016_T02,30,0,True,
الفم,الفم,C:/Users/alaan/Desktop/SignData_Prepared/large_sentence_experiment/assets/cleaned_tokens/الفم/S01_T03.mp4,C:/Users/alaan/Desktop/SignData_Prepared/large_sentence_experiment/assets/cleaned_pose_full/الفم/TOK_0016_T03.npy,57,1629,S01,T03,TOK_0016_T03,0,2,True,
الفم,الفم,C:/Users/alaan/Desktop/SignData_Prepared/large_sentence_experiment/assets/cleaned_tokens/الفم/S01_T04.mp4,C:/Users/alaan/Desktop/SignData_Prepared/large_sentence_experiment/assets/cleaned_pose_full/الفم/TOK_0016_T04.npy,46,1629,S01,T04,TOK_0016_T04,2,0,True,
الليل,الليل,C:/Users/alaan/Desktop/SignData_Prepared/large_sentence_experiment/assets/cleaned_tokens/الليل/S01_T01.mp4,C:/Users/alaan/Desktop/SignData_Prepared/large_sentence_experiment/assets/cleaned_pose_full/الليل/TOK_0017_T01.npy,24,1629,S01,T01,TOK_0017_T01,6,11,True,
الليل,الليل,C:/Users/alaan/Desktop/SignData_Prepared/large_sentence_experiment/assets/cleaned_tokens/الليل/S01_T02.mp4,C:/Users/alaan/Desktop/SignData_Prepared/large_sentence_experiment/assets/cleaned_pose_full/الليل/TOK_0017_T02.npy,22,1629,S01,T02,TOK_0017_T02,0,17,True,
الليل,الليل,C:/Users/alaan/Desktop/SignData_Prepared/large_sentence_experiment/assets/cleaned_tokens/الليل/S01_T03.mp4,C:/Users/alaan/Desktop/SignData_Prepared/large_sentence_experiment/assets/cleaned_pose_full/الليل/TOK_0017_T03.npy,58,1629,S01,T03,TOK_0017_T03,0,5,True,
الليل,الليل,C:/Users/alaan/Desktop/SignData_Prepared/large_sentence_experiment/assets/cleaned_tokens/الليل/S01_T04.mp4,C:/Users/alaan/Desktop/SignData_Prepared/large_sentence_experiment/assets/cleaned_pose_full/الليل/TOK_0017_T04.npy,24,1629,S01,T04,TOK_0017_T04,1,15,True,
انتبه,انتبه,C:/Users/alaan/Desktop/SignData_Prepared/large_sentence_experiment/assets/cleaned_tokens/انتبه/S01_T01.mp4,C:/Users/alaan/Desktop/SignData_Prepared/large_sentence_experiment/assets/cleaned_pose_full/انتبه/TOK_0018_T01.npy,37,1629,S01,T01,TOK_0018_T01,1,7,True,
انتبه,انتبه,C:/Users/alaan/Desktop/SignData_Prepared/large_sentence_experiment/assets/cleaned_tokens/انتبه/S01_T02.mp4,C:/Users/alaan/Desktop/SignData_Prepared/large_sentence_experiment/assets/cleaned_pose_full/انتبه/TOK_0018_T02.npy,61,1629,S01,T02,TOK_0018_T02,0,0,True,
انتبه,انتبه,C:/Users/alaan/Desktop/SignData_Prepared/large_sentence_experiment/assets/cleaned_tokens/انتبه/S01_T03.mp4,C:/Users/alaan/Desktop/SignData_Prepared/large_sentence_experiment/assets/cleaned_pose_full/انتبه/TOK_0018_T03.npy,71,1629,S01,T03,TOK_0018_T03,1,0,True,
انتبه,انتبه,C:/Users/alaan/Desktop/SignData_Prepared/large_sentence_experiment/assets/cleaned_tokens/انتبه/S01_T04.mp4,C:/Users/alaan/Desktop/SignData_Prepared/large_sentence_experiment/assets/cleaned_pose_full/انتبه/TOK_0018_T04.npy,37,1629,S01,T04,TOK_0018_T04,1,0,True,
انتظر,انتظر,C:/Users/alaan/Desktop/SignData_Prepared/large_sentence_experiment/assets/cleaned_tokens/انتظر/S01_T01.mp4,C:/Users/alaan/Desktop/SignData_Prepared/large_sentence_experiment/assets/cleaned_pose_full/انتظر/TOK_0019_T01.npy,51,1629,S01,T01,TOK_0019_T01,3,0,True,
انتظر,انتظر,C:/Users/alaan/Desktop/SignData_Prepared/large_sentence_experiment/assets/cleaned_tokens/انتظر/S01_T02.mp4,C:/Users/alaan/Desktop/SignData_Prepared/large_sentence_experiment/assets/cleaned_pose_full/انتظر/TOK_0019_T02.npy,47,1629,S01,T02,TOK_0019_T02,0,4,True,
انتظر,انتظر,C:/Users/alaan/Desktop/SignData_Prepared/large_sentence_experiment/assets/cleaned_tokens/انتظر/S01_T03.mp4,C:/Users/alaan/Desktop/SignData_Prepared/large_sentence_experiment/assets/cleaned_pose_full/انتظر/TOK_0019_T03.npy,65,1629,S01,T03,TOK_0019_T03,5,0,True,
انتظر,انتظر,C:/Users/alaan/Desktop/SignData_Prepared/large_sentence_experiment/assets/cleaned_tokens/انتظر/S01_T04.mp4,C:/Users/alaan/Desktop/SignData_Prepared/large_sentence_experiment/assets/cleaned_pose_full/انتظر/TOK_0019_T04.npy,38,1629,S01,T04,TOK_0019_T04,0,3,True,
بخه,بخة,C:/Users/alaan/Desktop/SignData_Prepared/large_sentence_experiment/assets/cleaned_tokens/بخه/S01_T01.mp4,C:/Users/alaan/Desktop/SignData_Prepared/large_sentence_experiment/assets/cleaned_pose_full/بخه/TOK_0020_T01.npy,50,1629,S01,T01,TOK_0020_T01,0,2,True,
بخه,بخة,C:/Users/alaan/Desktop/SignData_Prepared/large_sentence_experiment/assets/cleaned_tokens/بخه/S01_T02.mp4,C:/Users/alaan/Desktop/SignData_Prepared/large_sentence_experiment/assets/cleaned_pose_full/بخه/TOK_0020_T02.npy,39,1629,S01,T02,TOK_0020_T02,0,0,True,
بخه,بخة,C:/Users/alaan/Desktop/SignData_Prepared/large_sentence_experiment/assets/cleaned_tokens/بخه/S01_T03.mp4,C:/Users/alaan/Desktop/SignData_Prepared/large_sentence_experiment/assets/cleaned_pose_full/بخه/TOK_0020_T03.npy,68,1629,S01,T03,TOK_0020_T03,0,5,True,
بخه,بخة,C:/Users/alaan/Desktop/SignData_Prepared/large_sentence_experiment/assets/cleaned_tokens/بخه/S01_T04.mp4,C:/Users/alaan/Desktop/SignData_Prepared/large_sentence_experiment/assets/cleaned_pose_full/بخه/TOK_0020_T04.npy,36,1629,S01,T04,TOK_0020_T04,0,0,True,
براد,براد,C:/Users/alaan/Desktop/SignData_Prepared/large_sentence_experiment/assets/cleaned_tokens/براد/S01_T01.mp4,C:/Users/alaan/Desktop/SignData_Prepared/large_sentence_experiment/assets/cleaned_pose_full/براد/TOK_0021_T01.npy,48,1629,S01,T01,TOK_0021_T01,3,2,True,
براد,براد,C:/Users/alaan/Desktop/SignData_Prepared/large_sentence_experiment/assets/cleaned_tokens/براد/S01_T02.mp4,C:/Users/alaan/Desktop/SignData_Prepared/large_sentence_experiment/assets/cleaned_pose_full/براد/TOK_0021_T02.npy,44,1629,S01,T02,TOK_0021_T02,0,1,True,
براد,براد,C:/Users/alaan/Desktop/SignData_Prepared/large_sentence_experiment/assets/cleaned_tokens/براد/S01_T03.mp4,C:/Users/alaan/Desktop/SignData_Prepared/large_sentence_experiment/assets/cleaned_pose_full/براد/TOK_0021_T03.npy,45,1629,S01,T03,TOK_0021_T03,0,0,True,
بعد الاكل,بعد الأكل,C:/Users/alaan/Desktop/SignData_Prepared/large_sentence_experiment/assets/cleaned_tokens/بعد الاكل/S01_T01.mp4,C:/Users/alaan/Desktop/SignData_Prepared/large_sentence_experiment/assets/cleaned_pose_full/بعد الاكل/TOK_0022_T01.npy,44,1629,S01,T01,TOK_0022_T01,7,1,True,
بعد الاكل,بعد الأكل,C:/Users/alaan/Desktop/SignData_Prepared/large_sentence_experiment/assets/cleaned_tokens/بعد الاكل/S01_T02.mp4,C:/Users/alaan/Desktop/SignData_Prepared/large_sentence_experiment/assets/cleaned_pose_full/بعد الاكل/TOK_0022_T02.npy,52,1629,S01,T02,TOK_0022_T02,0,0,True,
بعد الاكل,بعد الأكل,C:/Users/alaan/Desktop/SignData_Prepared/large_sentence_experiment/assets/cleaned_tokens/بعد الاكل/S01_T03.mp4,C:/Users/alaan/Desktop/SignData_Prepared/large_sentence_experiment/assets/cleaned_pose_full/بعد الاكل/TOK_0022_T03.npy,66,1629,S01,T03,TOK_0022_T03,1,0,True,
بعد الاكل,بعد الأكل,C:/Users/alaan/Desktop/SignData_Prepared/large_sentence_experiment/assets/cleaned_tokens/بعد الاكل/S01_T04.mp4,C:/Users/alaan/Desktop/SignData_Prepared/large_sentence_experiment/assets/cleaned_pose_full/بعد الاكل/TOK_0022_T04.npy,51,1629,S01,T04,TOK_0022_T04,0,0,True,
بعيد عن الاطفال,بعيد عن الأطفال,C:/Users/alaan/Desktop/SignData_Prepared/large_sentence_experiment/assets/cleaned_tokens/بعيد عن الاطفال/S01_T01.mp4,C:/Users/alaan/Desktop/SignData_Prepared/large_sentence_experiment/assets/cleaned_pose_full/بعيد عن الاطفال/TOK_0023_T01.npy,67,1629,S01,T01,TOK_0023_T01,1,0,True,
بعيد عن الاطفال,بعيد عن الأطفال,C:/Users/alaan/Desktop/SignData_Prepared/large_sentence_experiment/assets/cleaned_tokens/بعيد عن الاطفال/S01_T02.mp4,C:/Users/alaan/Desktop/SignData_Prepared/large_sentence_experiment/assets/cleaned_pose_full/بعيد عن الاطفال/TOK_0023_T02.npy,68,1629,S01,T02,TOK_0023_T02,8,0,True,
بعيد عن الاطفال,بعيد عن الأطفال,C:/Users/alaan/Desktop/SignData_Prepared/large_sentence_experiment/assets/cleaned_tokens/بعيد عن الاطفال/S01_T03.mp4,C:/Users/alaan/Desktop/SignData_Prepared/large_sentence_experiment/assets/cleaned_pose_full/بعيد عن الاطفال/TOK_0023_T03.npy,56,1629,S01,T03,TOK_0023_T03,4,0,True,
بعيد عن الاطفال,بعيد عن الأطفال,C:/Users/alaan/Desktop/SignData_Prepared/large_sentence_experiment/assets/cleaned_tokens/بعيد عن الاطفال/S01_T04.mp4,C:/Users/alaan/Desktop/SignData_Prepared/large_sentence_experiment/assets/cleaned_pose_full/بعيد عن الاطفال/TOK_0023_T04.npy,47,1629,S01,T04,TOK_0023_T04,17,0,True,
ثلاث مرات,ثلاث مرات,C:/Users/alaan/Desktop/SignData_Prepared/large_sentence_experiment/assets/cleaned_tokens/ثلاث مرات/S01_T01.mp4,C:/Users/alaan/Desktop/SignData_Prepared/large_sentence_experiment/assets/cleaned_pose_full/ثلاث مرات/TOK_0024_T01.npy,54,1629,S01,T01,TOK_0024_T01,11,3,True,
ثلاث مرات,ثلاث مرات,C:/Users/alaan/Desktop/SignData_Prepared/large_sentence_experiment/assets/cleaned_tokens/ثلاث مرات/S01_T02.mp4,C:/Users/alaan/Desktop/SignData_Prepared/large_sentence_experiment/assets/cleaned_pose_full/ثلاث مرات/TOK_0024_T02.npy,49,1629,S01,T02,TOK_0024_T02,0,0,True,
ثلاث مرات,ثلاث مرات,C:/Users/alaan/Desktop/SignData_Prepared/large_sentence_experiment/assets/cleaned_tokens/ثلاث مرات/S01_T03.mp4,C:/Users/alaan/Desktop/SignData_Prepared/large_sentence_experiment/assets/cleaned_pose_full/ثلاث مرات/TOK_0024_T03.npy,45,1629,S01,T03,TOK_0024_T03,0,0,True,
ثلاث مرات,ثلاث مرات,C:/Users/alaan/Desktop/SignData_Prepared/large_sentence_experiment/assets/cleaned_tokens/ثلاث مرات/S01_T04.mp4,C:/Users/alaan/Desktop/SignData_Prepared/large_sentence_experiment/assets/cleaned_pose_full/ثلاث مرات/TOK_0024_T04.npy,60,1629,S01,T04,TOK_0024_T04,7,5,True,
ثلاث مرات,ثلاث مرات,C:/Users/alaan/Desktop/SignData_Prepared/large_sentence_experiment/assets/cleaned_tokens/ثلاث مرات/S01_T05.mp4,C:/Users/alaan/Desktop/SignData_Prepared/large_sentence_experiment/assets/cleaned_pose_full/ثلاث مرات/TOK_0024_T05.npy,39,1629,S01,T05,TOK_0024_T05,0,0,True,
ثلاثه,ثلاثة,C:/Users/alaan/Desktop/SignData_Prepared/large_sentence_experiment/assets/cleaned_tokens/ثلاثه/S01_T01.mp4,C:/Users/alaan/Desktop/SignData_Prepared/large_sentence_experiment/assets/cleaned_pose_full/ثلاثه/TOK_0025_T01.npy,43,1629,S01,T01,TOK_0025_T01,0,2,True,
ثلاثه,ثلاثة,C:/Users/alaan/Desktop/SignData_Prepared/large_sentence_experiment/assets/cleaned_tokens/ثلاثه/S01_T02.mp4,C:/Users/alaan/Desktop/SignData_Prepared/large_sentence_experiment/assets/cleaned_pose_full/ثلاثه/TOK_0025_T02.npy,36,1629,S01,T02,TOK_0025_T02,0,0,True,
ثلاثه,ثلاثة,C:/Users/alaan/Desktop/SignData_Prepared/large_sentence_experiment/assets/cleaned_tokens/ثلاثه/S01_T03.mp4,C:/Users/alaan/Desktop/SignData_Prepared/large_sentence_experiment/assets/cleaned_pose_full/ثلاثه/TOK_0025_T03.npy,56,1629,S01,T03,TOK_0025_T03,0,0,True,
ثلاثه,ثلاثة,C:/Users/alaan/Desktop/SignData_Prepared/large_sentence_experiment/assets/cleaned_tokens/ثلاثه/S01_T04.mp4,C:/Users/alaan/Desktop/SignData_Prepared/large_sentence_experiment/assets/cleaned_pose_full/ثلاثه/TOK_0025_T04.npy,33,1629,S01,T04,TOK_0025_T04,0,0,True,
حبه,حبة,C:/Users/alaan/Desktop/SignData_Prepared/large_sentence_experiment/assets/cleaned_tokens/حبه/S01_T01.mp4,C:/Users/alaan/Desktop/SignData_Prepared/large_sentence_experiment/assets/cleaned_pose_full/حبه/TOK_0026_T01.npy,39,1629,S01,T01,TOK_0026_T01,5,1,True,
حبه,حبة,C:/Users/alaan/Desktop/SignData_Prepared/large_sentence_experiment/assets/cleaned_tokens/حبه/S01_T02.mp4,C:/Users/alaan/Desktop/SignData_Prepared/large_sentence_experiment/assets/cleaned_pose_full/حبه/TOK_0026_T02.npy,34,1629,S01,T02,TOK_0026_T02,2,0,True,
حبه,حبة,C:/Users/alaan/Desktop/SignData_Prepared/large_sentence_experiment/assets/cleaned_tokens/حبه/S01_T03.mp4,C:/Users/alaan/Desktop/SignData_Prepared/large_sentence_experiment/assets/cleaned_pose_full/حبه/TOK_0026_T03.npy,45,1629,S01,T03,TOK_0026_T03,0,0,True,
حبه,حبة,C:/Users/alaan/Desktop/SignData_Prepared/large_sentence_experiment/assets/cleaned_tokens/حبه/S01_T04.mp4,C:/Users/alaan/Desktop/SignData_Prepared/large_sentence_experiment/assets/cleaned_pose_full/حبه/TOK_0026_T04.npy,13,1629,S01,T04,TOK_0026_T04,16,1,True,
حراره الغرفه,حرارة الغرفة,C:/Users/alaan/Desktop/SignData_Prepared/large_sentence_experiment/assets/cleaned_tokens/حراره الغرفه/S01_T01.mp4,C:/Users/alaan/Desktop/SignData_Prepared/large_sentence_experiment/assets/cleaned_pose_full/حراره الغرفه/TOK_0027_T01.npy,64,1629,S01,T01,TOK_0027_T01,0,1,True,
حراره الغرفه,حرارة الغرفة,C:/Users/alaan/Desktop/SignData_Prepared/large_sentence_experiment/assets/cleaned_tokens/حراره الغرفه/S01_T02.mp4,C:/Users/alaan/Desktop/SignData_Prepared/large_sentence_experiment/assets/cleaned_pose_full/حراره الغرفه/TOK_0027_T02.npy,68,1629,S01,T02,TOK_0027_T02,0,20,True,
حراره الغرفه,حرارة الغرفة,C:/Users/alaan/Desktop/SignData_Prepared/large_sentence_experiment/assets/cleaned_tokens/حراره الغرفه/S01_T03.mp4,C:/Users/alaan/Desktop/SignData_Prepared/large_sentence_experiment/assets/cleaned_pose_full/حراره الغرفه/TOK_0027_T03.npy,58,1629,S01,T03,TOK_0027_T03,0,11,True,
حراره الغرفه,حرارة الغرفة,C:/Users/alaan/Desktop/SignData_Prepared/large_sentence_experiment/assets/cleaned_tokens/حراره الغرفه/S01_T04.mp4,C:/Users/alaan/Desktop/SignData_Prepared/large_sentence_experiment/assets/cleaned_pose_full/حراره الغرفه/TOK_0027_T04.npy,58,1629,S01,T04,TOK_0027_T04,1,9,True,
حساسيه,حساسية,C:/Users/alaan/Desktop/SignData_Prepared/large_sentence_experiment/assets/cleaned_tokens/حساسيه/S01_T01.mp4,C:/Users/alaan/Desktop/SignData_Prepared/large_sentence_experiment/assets/cleaned_pose_full/حساسيه/TOK_0028_T01.npy,43,1629,S01,T01,TOK_0028_T01,0,0,True,
حساسيه,حساسية,C:/Users/alaan/Desktop/SignData_Prepared/large_sentence_experiment/assets/cleaned_tokens/حساسيه/S01_T02.mp4,C:/Users/alaan/Desktop/SignData_Prepared/large_sentence_experiment/assets/cleaned_pose_full/حساسيه/TOK_0028_T02.npy,47,1629,S01,T02,TOK_0028_T02,0,0,True,
حساسيه,حساسية,C:/Users/alaan/Desktop/SignData_Prepared/large_sentence_experiment/assets/cleaned_tokens/حساسيه/S01_T03.mp4,C:/Users/alaan/Desktop/SignData_Prepared/large_sentence_experiment/assets/cleaned_pose_full/حساسيه/TOK_0028_T03.npy,56,1629,S01,T03,TOK_0028_T03,0,0,True,
حساسيه,حساسية,C:/Users/alaan/Desktop/SignData_Prepared/large_sentence_experiment/assets/cleaned_tokens/حساسيه/S01_T04.mp4,C:/Users/alaan/Desktop/SignData_Prepared/large_sentence_experiment/assets/cleaned_pose_full/حساسيه/TOK_0028_T04.npy,46,1629,S01,T04,TOK_0028_T04,0,0,True,
خذ,خذ,C:/Users/alaan/Desktop/SignData_Prepared/large_sentence_experiment/assets/cleaned_tokens/خذ/S01_T01.mp4,C:/Users/alaan/Desktop/SignData_Prepared/large_sentence_experiment/assets/cleaned_pose_full/خذ/TOK_0029_T01.npy,47,1629,S01,T01,TOK_0029_T01,0,0,True,
خذ,خذ,C:/Users/alaan/Desktop/SignData_Prepared/large_sentence_experiment/assets/cleaned_tokens/خذ/S01_T02.mp4,C:/Users/alaan/Desktop/SignData_Prepared/large_sentence_experiment/assets/cleaned_pose_full/خذ/TOK_0029_T02.npy,34,1629,S01,T02,TOK_0029_T02,1,5,True,
خذ,خذ,C:/Users/alaan/Desktop/SignData_Prepared/large_sentence_experiment/assets/cleaned_tokens/خذ/S01_T03.mp4,C:/Users/alaan/Desktop/SignData_Prepared/large_sentence_experiment/assets/cleaned_pose_full/خذ/TOK_0029_T03.npy,40,1629,S01,T03,TOK_0029_T03,0,5,True,
خذ,خذ,C:/Users/alaan/Desktop/SignData_Prepared/large_sentence_experiment/assets/cleaned_tokens/خذ/S01_T04.mp4,C:/Users/alaan/Desktop/SignData_Prepared/large_sentence_experiment/assets/cleaned_pose_full/خذ/TOK_0029_T04.npy,32,1629,S01,T04,TOK_0029_T04,0,8,True,
خمسه,خمسة,C:/Users/alaan/Desktop/SignData_Prepared/large_sentence_experiment/assets/cleaned_tokens/خمسه/S01_T01.mp4,C:/Users/alaan/Desktop/SignData_Prepared/large_sentence_experiment/assets/cleaned_pose_full/خمسه/TOK_0030_T01.npy,42,1629,S01,T01,TOK_0030_T01,0,18,True,
خمسه,خمسة,C:/Users/alaan/Desktop/SignData_Prepared/large_sentence_experiment/assets/cleaned_tokens/خمسه/S01_T02.mp4,C:/Users/alaan/Desktop/SignData_Prepared/large_sentence_experiment/assets/cleaned_pose_full/خمسه/TOK_0030_T02.npy,38,1629,S01,T02,TOK_0030_T02,0,0,True,
خمسه,خمسة,C:/Users/alaan/Desktop/SignData_Prepared/large_sentence_experiment/assets/cleaned_tokens/خمسه/S01_T03.mp4,C:/Users/alaan/Desktop/SignData_Prepared/large_sentence_experiment/assets/cleaned_pose_full/خمسه/TOK_0030_T03.npy,44,1629,S01,T03,TOK_0030_T03,2,0,True,
خمسه,خمسة,C:/Users/alaan/Desktop/SignData_Prepared/large_sentence_experiment/assets/cleaned_tokens/خمسه/S01_T04.mp4,C:/Users/alaan/Desktop/SignData_Prepared/large_sentence_experiment/assets/cleaned_pose_full/خمسه/TOK_0030_T04.npy,33,1629,S01,T04,TOK_0030_T04,0,1,True,
دوخه,دوخة,C:/Users/alaan/Desktop/SignData_Prepared/large_sentence_experiment/assets/cleaned_tokens/دوخه/S01_T01.mp4,C:/Users/alaan/Desktop/SignData_Prepared/large_sentence_experiment/assets/cleaned_pose_full/دوخه/TOK_0031_T01.npy,51,1629,S01,T01,TOK_0031_T01,2,4,True,
دوخه,دوخة,C:/Users/alaan/Desktop/SignData_Prepared/large_sentence_experiment/assets/cleaned_tokens/دوخه/S01_T02.mp4,C:/Users/alaan/Desktop/SignData_Prepared/large_sentence_experiment/assets/cleaned_pose_full/دوخه/TOK_0031_T02.npy,44,1629,S01,T02,TOK_0031_T02,0,0,True,
دوخه,دوخة,C:/Users/alaan/Desktop/SignData_Prepared/large_sentence_experiment/assets/cleaned_tokens/دوخه/S01_T03.mp4,C:/Users/alaan/Desktop/SignData_Prepared/large_sentence_experiment/assets/cleaned_pose_full/دوخه/TOK_0031_T03.npy,72,1629,S01,T03,TOK_0031_T03,0,0,True,
دوخه,دوخة,C:/Users/alaan/Desktop/SignData_Prepared/large_sentence_experiment/assets/cleaned_tokens/دوخه/S01_T04.mp4,C:/Users/alaan/Desktop/SignData_Prepared/large_sentence_experiment/assets/cleaned_pose_full/دوخه/TOK_0031_T04.npy,53,1629,S01,T04,TOK_0031_T04,1,1,True,
رج,رج,C:/Users/alaan/Desktop/SignData_Prepared/large_sentence_experiment/assets/cleaned_tokens/رج/S01_T01.mp4,C:/Users/alaan/Desktop/SignData_Prepared/large_sentence_experiment/assets/cleaned_pose_full/رج/TOK_0032_T01.npy,48,1629,S01,T01,TOK_0032_T01,0,2,True,
رج,رج,C:/Users/alaan/Desktop/SignData_Prepared/large_sentence_experiment/assets/cleaned_tokens/رج/S01_T02.mp4,C:/Users/alaan/Desktop/SignData_Prepared/large_sentence_experiment/assets/cleaned_pose_full/رج/TOK_0032_T02.npy,55,1629,S01,T02,TOK_0032_T02,0,0,True,
رج,رج,C:/Users/alaan/Desktop/SignData_Prepared/large_sentence_experiment/assets/cleaned_tokens/رج/S01_T03.mp4,C:/Users/alaan/Desktop/SignData_Prepared/large_sentence_experiment/assets/cleaned_pose_full/رج/TOK_0032_T03.npy,50,1629,S01,T03,TOK_0032_T03,0,0,True,
رج,رج,C:/Users/alaan/Desktop/SignData_Prepared/large_sentence_experiment/assets/cleaned_tokens/رج/S01_T04.mp4,C:/Users/alaan/Desktop/SignData_Prepared/large_sentence_experiment/assets/cleaned_pose_full/رج/TOK_0032_T04.npy,45,1629,S01,T04,TOK_0032_T04,0,0,True,
رخيص,رخيص,C:/Users/alaan/Desktop/SignData_Prepared/large_sentence_experiment/assets/cleaned_tokens/رخيص/S01_T01.mp4,C:/Users/alaan/Desktop/SignData_Prepared/large_sentence_experiment/assets/cleaned_pose_full/رخيص/TOK_0033_T01.npy,24,1629,S01,T01,TOK_0033_T01,14,17,True,
شديد,شديد,C:/Users/alaan/Desktop/SignData_Prepared/large_sentence_experiment/assets/cleaned_tokens/شديد/S01_T01.mp4,C:/Users/alaan/Desktop/SignData_Prepared/large_sentence_experiment/assets/cleaned_pose_full/شديد/TOK_0034_T01.npy,23,1629,S01,T01,TOK_0034_T01,1,18,True,
شديد,شديد,C:/Users/alaan/Desktop/SignData_Prepared/large_sentence_experiment/assets/cleaned_tokens/شديد/S01_T02.mp4,C:/Users/alaan/Desktop/SignData_Prepared/large_sentence_experiment/assets/cleaned_pose_full/شديد/TOK_0034_T02.npy,21,1629,S01,T02,TOK_0034_T02,0,16,True,
شديد,شديد,C:/Users/alaan/Desktop/SignData_Prepared/large_sentence_experiment/assets/cleaned_tokens/شديد/S01_T03.mp4,C:/Users/alaan/Desktop/SignData_Prepared/large_sentence_experiment/assets/cleaned_pose_full/شديد/TOK_0034_T03.npy,63,1629,S01,T03,TOK_0034_T03,0,2,True,
شديد,شديد,C:/Users/alaan/Desktop/SignData_Prepared/large_sentence_experiment/assets/cleaned_tokens/شديد/S01_T04.mp4,C:/Users/alaan/Desktop/SignData_Prepared/large_sentence_experiment/assets/cleaned_pose_full/شديد/TOK_0034_T04.npy,23,1629,S01,T04,TOK_0034_T04,0,19,True,
شراب,شراب,C:/Users/alaan/Desktop/SignData_Prepared/large_sentence_experiment/assets/cleaned_tokens/شراب/S01_T01.mp4,C:/Users/alaan/Desktop/SignData_Prepared/large_sentence_experiment/assets/cleaned_pose_full/شراب/TOK_0035_T01.npy,53,1629,S01,T01,TOK_0035_T01,2,2,True,
شراب,شراب,C:/Users/alaan/Desktop/SignData_Prepared/large_sentence_experiment/assets/cleaned_tokens/شراب/S01_T02.mp4,C:/Users/alaan/Desktop/SignData_Prepared/large_sentence_experiment/assets/cleaned_pose_full/شراب/TOK_0035_T02.npy,40,1629,S01,T02,TOK_0035_T02,7,0,True,
شراب,شراب,C:/Users/alaan/Desktop/SignData_Prepared/large_sentence_experiment/assets/cleaned_tokens/شراب/S01_T03.mp4,C:/Users/alaan/Desktop/SignData_Prepared/large_sentence_experiment/assets/cleaned_pose_full/شراب/TOK_0035_T03.npy,45,1629,S01,T03,TOK_0035_T03,2,4,True,
شراب,شراب,C:/Users/alaan/Desktop/SignData_Prepared/large_sentence_experiment/assets/cleaned_tokens/شراب/S01_T04.mp4,C:/Users/alaan/Desktop/SignData_Prepared/large_sentence_experiment/assets/cleaned_pose_full/شراب/TOK_0035_T04.npy,35,1629,S01,T04,TOK_0035_T04,9,0,True,
صافي,صافي,C:/Users/alaan/Desktop/SignData_Prepared/large_sentence_experiment/assets/cleaned_tokens/صافي/S01_T01.mp4,C:/Users/alaan/Desktop/SignData_Prepared/large_sentence_experiment/assets/cleaned_pose_full/صافي/TOK_0036_T01.npy,53,1629,S01,T01,TOK_0036_T01,12,0,True,
صعوبه تنفس,صعوبة تنفس,C:/Users/alaan/Desktop/SignData_Prepared/large_sentence_experiment/assets/cleaned_tokens/صعوبه تنفس/S01_T01.mp4,C:/Users/alaan/Desktop/SignData_Prepared/large_sentence_experiment/assets/cleaned_pose_full/صعوبه تنفس/TOK_0037_T01.npy,55,1629,S01,T01,TOK_0037_T01,2,2,True,
صعوبه تنفس,صعوبة تنفس,C:/Users/alaan/Desktop/SignData_Prepared/large_sentence_experiment/assets/cleaned_tokens/صعوبه تنفس/S01_T02.mp4,C:/Users/alaan/Desktop/SignData_Prepared/large_sentence_experiment/assets/cleaned_pose_full/صعوبه تنفس/TOK_0037_T02.npy,75,1629,S01,T02,TOK_0037_T02,0,2,True,
صعوبه تنفس,صعوبة تنفس,C:/Users/alaan/Desktop/SignData_Prepared/large_sentence_experiment/assets/cleaned_tokens/صعوبه تنفس/S01_T03.mp4,C:/Users/alaan/Desktop/SignData_Prepared/large_sentence_experiment/assets/cleaned_pose_full/صعوبه تنفس/TOK_0037_T03.npy,86,1629,S01,T03,TOK_0037_T03,0,6,True,
صعوبه تنفس,صعوبة تنفس,C:/Users/alaan/Desktop/SignData_Prepared/large_sentence_experiment/assets/cleaned_tokens/صعوبه تنفس/S01_T04.mp4,C:/Users/alaan/Desktop/SignData_Prepared/large_sentence_experiment/assets/cleaned_pose_full/صعوبه تنفس/TOK_0037_T04.npy,54,1629,S01,T04,TOK_0037_T04,0,1,True,
ضع,ضع,C:/Users/alaan/Desktop/SignData_Prepared/large_sentence_experiment/assets/cleaned_tokens/ضع/S01_T01.mp4,C:/Users/alaan/Desktop/SignData_Prepared/large_sentence_experiment/assets/cleaned_pose_full/ضع/TOK_0038_T01.npy,31,1629,S01,T01,TOK_0038_T01,5,5,True,
ضع,ضع,C:/Users/alaan/Desktop/SignData_Prepared/large_sentence_experiment/assets/cleaned_tokens/ضع/S01_T02.mp4,C:/Users/alaan/Desktop/SignData_Prepared/large_sentence_experiment/assets/cleaned_pose_full/ضع/TOK_0038_T02.npy,45,1629,S01,T02,TOK_0038_T02,0,0,True,
ضع,ضع,C:/Users/alaan/Desktop/SignData_Prepared/large_sentence_experiment/assets/cleaned_tokens/ضع/S01_T03.mp4,C:/Users/alaan/Desktop/SignData_Prepared/large_sentence_experiment/assets/cleaned_pose_full/ضع/TOK_0038_T03.npy,60,1629,S01,T03,TOK_0038_T03,0,0,True,
ضع,ضع,C:/Users/alaan/Desktop/SignData_Prepared/large_sentence_experiment/assets/cleaned_tokens/ضع/S01_T04.mp4,C:/Users/alaan/Desktop/SignData_Prepared/large_sentence_experiment/assets/cleaned_pose_full/ضع/TOK_0038_T04.npy,34,1629,S01,T04,TOK_0038_T04,0,4,True,
طبيب,طبيب,C:/Users/alaan/Desktop/SignData_Prepared/large_sentence_experiment/assets/cleaned_tokens/طبيب/S01_T01.mp4,C:/Users/alaan/Desktop/SignData_Prepared/large_sentence_experiment/assets/cleaned_pose_full/طبيب/TOK_0039_T01.npy,43,1629,S01,T01,TOK_0039_T01,0,0,True,
طبيب,طبيب,C:/Users/alaan/Desktop/SignData_Prepared/large_sentence_experiment/assets/cleaned_tokens/طبيب/S01_T02.mp4,C:/Users/alaan/Desktop/SignData_Prepared/large_sentence_experiment/assets/cleaned_pose_full/طبيب/TOK_0039_T02.npy,38,1629,S01,T02,TOK_0039_T02,0,0,True,
طبيب,طبيب,C:/Users/alaan/Desktop/SignData_Prepared/large_sentence_experiment/assets/cleaned_tokens/طبيب/S01_T03.mp4,C:/Users/alaan/Desktop/SignData_Prepared/large_sentence_experiment/assets/cleaned_pose_full/طبيب/TOK_0039_T03.npy,39,1629,S01,T03,TOK_0039_T03,0,0,True,
طبيب,طبيب,C:/Users/alaan/Desktop/SignData_Prepared/large_sentence_experiment/assets/cleaned_tokens/طبيب/S01_T04.mp4,C:/Users/alaan/Desktop/SignData_Prepared/large_sentence_experiment/assets/cleaned_pose_full/طبيب/TOK_0039_T04.npy,38,1629,S01,T04,TOK_0039_T04,0,0,True,
طبيعي,طبيعي,C:/Users/alaan/Desktop/SignData_Prepared/large_sentence_experiment/assets/cleaned_tokens/طبيعي/S01_T01.mp4,C:/Users/alaan/Desktop/SignData_Prepared/large_sentence_experiment/assets/cleaned_pose_full/طبيعي/TOK_0040_T01.npy,64,1629,S01,T01,TOK_0040_T01,3,3,True,
طفح جلدي,طفح جلدي,C:/Users/alaan/Desktop/SignData_Prepared/large_sentence_experiment/assets/cleaned_tokens/طفح جلدي/S01_T01.mp4,C:/Users/alaan/Desktop/SignData_Prepared/large_sentence_experiment/assets/cleaned_pose_full/طفح جلدي/TOK_0041_T01.npy,55,1629,S01,T01,TOK_0041_T01,0,5,True,
طفح جلدي,طفح جلدي,C:/Users/alaan/Desktop/SignData_Prepared/large_sentence_experiment/assets/cleaned_tokens/طفح جلدي/S01_T02.mp4,C:/Users/alaan/Desktop/SignData_Prepared/large_sentence_experiment/assets/cleaned_pose_full/طفح جلدي/TOK_0041_T02.npy,46,1629,S01,T02,TOK_0041_T02,0,0,True,
طفح جلدي,طفح جلدي,C:/Users/alaan/Desktop/SignData_Prepared/large_sentence_experiment/assets/cleaned_tokens/طفح جلدي/S01_T03.mp4,C:/Users/alaan/Desktop/SignData_Prepared/large_sentence_experiment/assets/cleaned_pose_full/طفح جلدي/TOK_0041_T03.npy,70,1629,S01,T03,TOK_0041_T03,6,4,True,
طفح جلدي,طفح جلدي,C:/Users/alaan/Desktop/SignData_Prepared/large_sentence_experiment/assets/cleaned_tokens/طفح جلدي/S01_T04.mp4,C:/Users/alaan/Desktop/SignData_Prepared/large_sentence_experiment/assets/cleaned_pose_full/طفح جلدي/TOK_0041_T04.npy,53,1629,S01,T04,TOK_0041_T04,0,0,True,
غالي,غالي,C:/Users/alaan/Desktop/SignData_Prepared/large_sentence_experiment/assets/cleaned_tokens/غالي/S01_T01.mp4,C:/Users/alaan/Desktop/SignData_Prepared/large_sentence_experiment/assets/cleaned_pose_full/غالي/TOK_0042_T01.npy,52,1629,S01,T01,TOK_0042_T01,0,6,True,
فورا,فوراً,C:/Users/alaan/Desktop/SignData_Prepared/large_sentence_experiment/assets/cleaned_tokens/فورا/S01_T01.mp4,C:/Users/alaan/Desktop/SignData_Prepared/large_sentence_experiment/assets/cleaned_pose_full/فورا/TOK_0043_T01.npy,41,1629,S01,T01,TOK_0043_T01,0,6,True,
فورا,فوراً,C:/Users/alaan/Desktop/SignData_Prepared/large_sentence_experiment/assets/cleaned_tokens/فورا/S01_T02.mp4,C:/Users/alaan/Desktop/SignData_Prepared/large_sentence_experiment/assets/cleaned_pose_full/فورا/TOK_0043_T02.npy,66,1629,S01,T02,TOK_0043_T02,0,11,True,
فورا,فوراً,C:/Users/alaan/Desktop/SignData_Prepared/large_sentence_experiment/assets/cleaned_tokens/فورا/S01_T03.mp4,C:/Users/alaan/Desktop/SignData_Prepared/large_sentence_experiment/assets/cleaned_pose_full/فورا/TOK_0043_T03.npy,32,1629,S01,T03,TOK_0043_T03,0,0,True,
فورا,فوراً,C:/Users/alaan/Desktop/SignData_Prepared/large_sentence_experiment/assets/cleaned_tokens/فورا/S01_T04.mp4,C:/Users/alaan/Desktop/SignData_Prepared/large_sentence_experiment/assets/cleaned_pose_full/فورا/TOK_0043_T04.npy,36,1629,S01,T04,TOK_0043_T04,0,0,True,
قبل الاكل,قبل الأكل,C:/Users/alaan/Desktop/SignData_Prepared/large_sentence_experiment/assets/cleaned_tokens/قبل الاكل/S01_T01.mp4,C:/Users/alaan/Desktop/SignData_Prepared/large_sentence_experiment/assets/cleaned_pose_full/قبل الاكل/TOK_0044_T01.npy,40,1629,S01,T01,TOK_0044_T01,9,0,True,
قبل الاكل,قبل الأكل,C:/Users/alaan/Desktop/SignData_Prepared/large_sentence_experiment/assets/cleaned_tokens/قبل الاكل/S01_T02.mp4,C:/Users/alaan/Desktop/SignData_Prepared/large_sentence_experiment/assets/cleaned_pose_full/قبل الاكل/TOK_0044_T02.npy,54,1629,S01,T02,TOK_0044_T02,1,5,True,
قبل الاكل,قبل الأكل,C:/Users/alaan/Desktop/SignData_Prepared/large_sentence_experiment/assets/cleaned_tokens/قبل الاكل/S01_T03.mp4,C:/Users/alaan/Desktop/SignData_Prepared/large_sentence_experiment/assets/cleaned_pose_full/قبل الاكل/TOK_0044_T03.npy,59,1629,S01,T03,TOK_0044_T03,3,1,True,
قبل الاكل,قبل الأكل,C:/Users/alaan/Desktop/SignData_Prepared/large_sentence_experiment/assets/cleaned_tokens/قبل الاكل/S01_T04.mp4,C:/Users/alaan/Desktop/SignData_Prepared/large_sentence_experiment/assets/cleaned_pose_full/قبل الاكل/TOK_0044_T04.npy,45,1629,S01,T04,TOK_0044_T04,3,0,True,
قبل النوم,قبل النوم,C:/Users/alaan/Desktop/SignData_Prepared/large_sentence_experiment/assets/cleaned_tokens/قبل النوم/S01_T01.mp4,C:/Users/alaan/Desktop/SignData_Prepared/large_sentence_experiment/assets/cleaned_pose_full/قبل النوم/TOK_0045_T01.npy,49,1629,S01,T01,TOK_0045_T01,2,4,True,
قبل النوم,قبل النوم,C:/Users/alaan/Desktop/SignData_Prepared/large_sentence_experiment/assets/cleaned_tokens/قبل النوم/S01_T02.mp4,C:/Users/alaan/Desktop/SignData_Prepared/large_sentence_experiment/assets/cleaned_pose_full/قبل النوم/TOK_0045_T02.npy,51,1629,S01,T02,TOK_0045_T02,0,0,True,
قبل النوم,قبل النوم,C:/Users/alaan/Desktop/SignData_Prepared/large_sentence_experiment/assets/cleaned_tokens/قبل النوم/S01_T03.mp4,C:/Users/alaan/Desktop/SignData_Prepared/large_sentence_experiment/assets/cleaned_pose_full/قبل النوم/TOK_0045_T03.npy,45,1629,S01,T03,TOK_0045_T03,12,0,True,
قبل النوم,قبل النوم,C:/Users/alaan/Desktop/SignData_Prepared/large_sentence_experiment/assets/cleaned_tokens/قبل النوم/S01_T04.mp4,C:/Users/alaan/Desktop/SignData_Prepared/large_sentence_experiment/assets/cleaned_pose_full/قبل النوم/TOK_0045_T04.npy,46,1629,S01,T04,TOK_0045_T04,0,0,True,
كبسوله,كبسولة,C:/Users/alaan/Desktop/SignData_Prepared/large_sentence_experiment/assets/cleaned_tokens/كبسوله/S01_T01.mp4,C:/Users/alaan/Desktop/SignData_Prepared/large_sentence_experiment/assets/cleaned_pose_full/كبسوله/TOK_0046_T01.npy,25,1629,S01,T01,TOK_0046_T01,14,0,True,
كبسوله,كبسولة,C:/Users/alaan/Desktop/SignData_Prepared/large_sentence_experiment/assets/cleaned_tokens/كبسوله/S01_T02.mp4,C:/Users/alaan/Desktop/SignData_Prepared/large_sentence_experiment/assets/cleaned_pose_full/كبسوله/TOK_0046_T02.npy,42,1629,S01,T02,TOK_0046_T02,1,0,True,
كبسوله,كبسولة,C:/Users/alaan/Desktop/SignData_Prepared/large_sentence_experiment/assets/cleaned_tokens/كبسوله/S01_T03.mp4,C:/Users/alaan/Desktop/SignData_Prepared/large_sentence_experiment/assets/cleaned_pose_full/كبسوله/TOK_0046_T03.npy,67,1629,S01,T03,TOK_0046_T03,3,7,True,
كبسوله,كبسولة,C:/Users/alaan/Desktop/SignData_Prepared/large_sentence_experiment/assets/cleaned_tokens/كبسوله/S01_T04.mp4,C:/Users/alaan/Desktop/SignData_Prepared/large_sentence_experiment/assets/cleaned_pose_full/كبسوله/TOK_0046_T04.npy,39,1629,S01,T04,TOK_0046_T04,0,0,True,
كريم,كريم,C:/Users/alaan/Desktop/SignData_Prepared/large_sentence_experiment/assets/cleaned_tokens/كريم/S01_T01.mp4,C:/Users/alaan/Desktop/SignData_Prepared/large_sentence_experiment/assets/cleaned_pose_full/كريم/TOK_0047_T01.npy,46,1629,S01,T01,TOK_0047_T01,3,5,True,
كريم,كريم,C:/Users/alaan/Desktop/SignData_Prepared/large_sentence_experiment/assets/cleaned_tokens/كريم/S01_T02.mp4,C:/Users/alaan/Desktop/SignData_Prepared/large_sentence_experiment/assets/cleaned_pose_full/كريم/TOK_0047_T02.npy,50,1629,S01,T02,TOK_0047_T02,0,0,True,
كريم,كريم,C:/Users/alaan/Desktop/SignData_Prepared/large_sentence_experiment/assets/cleaned_tokens/كريم/S01_T03.mp4,C:/Users/alaan/Desktop/SignData_Prepared/large_sentence_experiment/assets/cleaned_pose_full/كريم/TOK_0047_T03.npy,69,1629,S01,T03,TOK_0047_T03,0,0,True,
كريم,كريم,C:/Users/alaan/Desktop/SignData_Prepared/large_sentence_experiment/assets/cleaned_tokens/كريم/S01_T04.mp4,C:/Users/alaan/Desktop/SignData_Prepared/large_sentence_experiment/assets/cleaned_pose_full/كريم/TOK_0047_T04.npy,41,1629,S01,T04,TOK_0047_T04,0,0,True,
كل 12 ساعه,كل ١٢ ساعة,C:/Users/alaan/Desktop/SignData_Prepared/large_sentence_experiment/assets/cleaned_tokens/كل 12 ساعه/S01_T01.mp4,C:/Users/alaan/Desktop/SignData_Prepared/large_sentence_experiment/assets/cleaned_pose_full/كل 12 ساعه/TOK_0048_T01.npy,99,1629,S01,T01,TOK_0048_T01,13,3,True,
كل 12 ساعه,كل ١٢ ساعة,C:/Users/alaan/Desktop/SignData_Prepared/large_sentence_experiment/assets/cleaned_tokens/كل 12 ساعه/S01_T02.mp4,C:/Users/alaan/Desktop/SignData_Prepared/large_sentence_experiment/assets/cleaned_pose_full/كل 12 ساعه/TOK_0048_T02.npy,107,1629,S01,T02,TOK_0048_T02,8,10,True,
كل 12 ساعه,كل ١٢ ساعة,C:/Users/alaan/Desktop/SignData_Prepared/large_sentence_experiment/assets/cleaned_tokens/كل 12 ساعه/S01_T03.mp4,C:/Users/alaan/Desktop/SignData_Prepared/large_sentence_experiment/assets/cleaned_pose_full/كل 12 ساعه/TOK_0048_T03.npy,93,1629,S01,T03,TOK_0048_T03,0,4,True,
كل 12 ساعه,كل ١٢ ساعة,C:/Users/alaan/Desktop/SignData_Prepared/large_sentence_experiment/assets/cleaned_tokens/كل 12 ساعه/S01_T04.mp4,C:/Users/alaan/Desktop/SignData_Prepared/large_sentence_experiment/assets/cleaned_pose_full/كل 12 ساعه/TOK_0048_T04.npy,71,1629,S01,T04,TOK_0048_T04,0,4,True,
كل 12 ساعه,كل ١٢ ساعة,C:/Users/alaan/Desktop/SignData_Prepared/large_sentence_experiment/assets/cleaned_tokens/كل 12 ساعه/S01_T05.mp4,C:/Users/alaan/Desktop/SignData_Prepared/large_sentence_experiment/assets/cleaned_pose_full/كل 12 ساعه/TOK_0048_T05.npy,55,1629,S01,T05,TOK_0048_T05,15,4,True,
كل 8 ساعات,كل ٨ ساعات,C:/Users/alaan/Desktop/SignData_Prepared/large_sentence_experiment/assets/cleaned_tokens/كل 8 ساعات/S01_T01.mp4,C:/Users/alaan/Desktop/SignData_Prepared/large_sentence_experiment/assets/cleaned_pose_full/كل 8 ساعات/TOK_0049_T01.npy,47,1629,S01,T01,TOK_0049_T01,0,4,True,
كل 8 ساعات,كل ٨ ساعات,C:/Users/alaan/Desktop/SignData_Prepared/large_sentence_experiment/assets/cleaned_tokens/كل 8 ساعات/S01_T02.mp4,C:/Users/alaan/Desktop/SignData_Prepared/large_sentence_experiment/assets/cleaned_pose_full/كل 8 ساعات/TOK_0049_T02.npy,61,1629,S01,T02,TOK_0049_T02,0,0,True,
كل 8 ساعات,كل ٨ ساعات,C:/Users/alaan/Desktop/SignData_Prepared/large_sentence_experiment/assets/cleaned_tokens/كل 8 ساعات/S01_T03.mp4,C:/Users/alaan/Desktop/SignData_Prepared/large_sentence_experiment/assets/cleaned_pose_full/كل 8 ساعات/TOK_0049_T03.npy,72,1629,S01,T03,TOK_0049_T03,2,5,True,
كل 8 ساعات,كل ٨ ساعات,C:/Users/alaan/Desktop/SignData_Prepared/large_sentence_experiment/assets/cleaned_tokens/كل 8 ساعات/S01_T04.mp4,C:/Users/alaan/Desktop/SignData_Prepared/large_sentence_experiment/assets/cleaned_pose_full/كل 8 ساعات/TOK_0049_T04.npy,88,1629,S01,T04,TOK_0049_T04,3,0,True,
كل 8 ساعات,كل ٨ ساعات,C:/Users/alaan/Desktop/SignData_Prepared/large_sentence_experiment/assets/cleaned_tokens/كل 8 ساعات/S01_T05.mp4,C:/Users/alaan/Desktop/SignData_Prepared/large_sentence_experiment/assets/cleaned_pose_full/كل 8 ساعات/TOK_0049_T05.npy,79,1629,S01,T05,TOK_0049_T05,0,5,True,
لمده,لمدة,C:/Users/alaan/Desktop/SignData_Prepared/large_sentence_experiment/assets/cleaned_tokens/لمده/S01_T01.mp4,C:/Users/alaan/Desktop/SignData_Prepared/large_sentence_experiment/assets/cleaned_pose_full/لمده/TOK_0050_T01.npy,41,1629,S01,T01,TOK_0050_T01,10,0,True,
لمده,لمدة,C:/Users/alaan/Desktop/SignData_Prepared/large_sentence_experiment/assets/cleaned_tokens/لمده/S01_T02.mp4,C:/Users/alaan/Desktop/SignData_Prepared/large_sentence_experiment/assets/cleaned_pose_full/لمده/TOK_0050_T02.npy,42,1629,S01,T02,TOK_0050_T02,0,0,True,
لمده,لمدة,C:/Users/alaan/Desktop/SignData_Prepared/large_sentence_experiment/assets/cleaned_tokens/لمده/S01_T03.mp4,C:/Users/alaan/Desktop/SignData_Prepared/large_sentence_experiment/assets/cleaned_pose_full/لمده/TOK_0050_T03.npy,36,1629,S01,T03,TOK_0050_T03,1,0,True,
لمده,لمدة,C:/Users/alaan/Desktop/SignData_Prepared/large_sentence_experiment/assets/cleaned_tokens/لمده/S01_T04.mp4,C:/Users/alaan/Desktop/SignData_Prepared/large_sentence_experiment/assets/cleaned_pose_full/لمده/TOK_0050_T04.npy,41,1629,S01,T04,TOK_0050_T04,0,0,True,
ماء,ماء,C:/Users/alaan/Desktop/SignData_Prepared/large_sentence_experiment/assets/cleaned_tokens/ماء/S01_T01.mp4,C:/Users/alaan/Desktop/SignData_Prepared/large_sentence_experiment/assets/cleaned_pose_full/ماء/TOK_0051_T01.npy,32,1629,S01,T01,TOK_0051_T01,3,8,True,
ماء,ماء,C:/Users/alaan/Desktop/SignData_Prepared/large_sentence_experiment/assets/cleaned_tokens/ماء/S01_T02.mp4,C:/Users/alaan/Desktop/SignData_Prepared/large_sentence_experiment/assets/cleaned_pose_full/ماء/TOK_0051_T02.npy,32,1629,S01,T02,TOK_0051_T02,1,3,True,
ماء,ماء,C:/Users/alaan/Desktop/SignData_Prepared/large_sentence_experiment/assets/cleaned_tokens/ماء/S01_T03.mp4,C:/Users/alaan/Desktop/SignData_Prepared/large_sentence_experiment/assets/cleaned_pose_full/ماء/TOK_0051_T03.npy,39,1629,S01,T03,TOK_0051_T03,6,0,True,
مرات باليوم,مرات باليوم,C:/Users/alaan/Desktop/SignData_Prepared/large_sentence_experiment/assets/cleaned_tokens/مرات باليوم/S01_T01.mp4,C:/Users/alaan/Desktop/SignData_Prepared/large_sentence_experiment/assets/cleaned_pose_full/مرات باليوم/TOK_0052_T01.npy,56,1629,S01,T01,TOK_0052_T01,3,1,True,
مرات باليوم,مرات باليوم,C:/Users/alaan/Desktop/SignData_Prepared/large_sentence_experiment/assets/cleaned_tokens/مرات باليوم/S01_T02.mp4,C:/Users/alaan/Desktop/SignData_Prepared/large_sentence_experiment/assets/cleaned_pose_full/مرات باليوم/TOK_0052_T02.npy,61,1629,S01,T02,TOK_0052_T02,1,1,True,
مرات باليوم,مرات باليوم,C:/Users/alaan/Desktop/SignData_Prepared/large_sentence_experiment/assets/cleaned_tokens/مرات باليوم/S01_T03.mp4,C:/Users/alaan/Desktop/SignData_Prepared/large_sentence_experiment/assets/cleaned_pose_full/مرات باليوم/TOK_0052_T03.npy,61,1629,S01,T03,TOK_0052_T03,0,0,True,
مرات باليوم,مرات باليوم,C:/Users/alaan/Desktop/SignData_Prepared/large_sentence_experiment/assets/cleaned_tokens/مرات باليوم/S01_T04.mp4,C:/Users/alaan/Desktop/SignData_Prepared/large_sentence_experiment/assets/cleaned_pose_full/مرات باليوم/TOK_0052_T04.npy,71,1629,S01,T04,TOK_0052_T04,14,3,True,
مره واحده,مرة واحدة,C:/Users/alaan/Desktop/SignData_Prepared/large_sentence_experiment/assets/cleaned_tokens/مره واحده/S01_T01.mp4,C:/Users/alaan/Desktop/SignData_Prepared/large_sentence_experiment/assets/cleaned_pose_full/مره واحده/TOK_0053_T01.npy,37,1629,S01,T01,TOK_0053_T01,0,0,True,
مره واحده,مرة واحدة,C:/Users/alaan/Desktop/SignData_Prepared/large_sentence_experiment/assets/cleaned_tokens/مره واحده/S01_T02.mp4,C:/Users/alaan/Desktop/SignData_Prepared/large_sentence_experiment/assets/cleaned_pose_full/مره واحده/TOK_0053_T02.npy,56,1629,S01,T02,TOK_0053_T02,0,2,True,
مره واحده,مرة واحدة,C:/Users/alaan/Desktop/SignData_Prepared/large_sentence_experiment/assets/cleaned_tokens/مره واحده/S01_T03.mp4,C:/Users/alaan/Desktop/SignData_Prepared/large_sentence_experiment/assets/cleaned_pose_full/مره واحده/TOK_0053_T03.npy,45,1629,S01,T03,TOK_0053_T03,2,1,True,
مره واحده,مرة واحدة,C:/Users/alaan/Desktop/SignData_Prepared/large_sentence_experiment/assets/cleaned_tokens/مره واحده/S01_T04.mp4,C:/Users/alaan/Desktop/SignData_Prepared/large_sentence_experiment/assets/cleaned_pose_full/مره واحده/TOK_0053_T04.npy,34,1629,S01,T04,TOK_0053_T04,0,0,True,
مرتفع,مرتفع,C:/Users/alaan/Desktop/SignData_Prepared/large_sentence_experiment/assets/cleaned_tokens/مرتفع/S01_T01.mp4,C:/Users/alaan/Desktop/SignData_Prepared/large_sentence_experiment/assets/cleaned_pose_full/مرتفع/TOK_0054_T01.npy,36,1629,S01,T01,TOK_0054_T01,2,2,True,
مرتين,مرتين,C:/Users/alaan/Desktop/SignData_Prepared/large_sentence_experiment/assets/cleaned_tokens/مرتين/S01_T01.mp4,C:/Users/alaan/Desktop/SignData_Prepared/large_sentence_experiment/assets/cleaned_pose_full/مرتين/TOK_0055_T01.npy,17,1629,S01,T01,TOK_0055_T01,10,15,True,
مرتين,مرتين,C:/Users/alaan/Desktop/SignData_Prepared/large_sentence_experiment/assets/cleaned_tokens/مرتين/S01_T02.mp4,C:/Users/alaan/Desktop/SignData_Prepared/large_sentence_experiment/assets/cleaned_pose_full/مرتين/TOK_0055_T02.npy,44,1629,S01,T02,TOK_0055_T02,3,0,True,
مرتين,مرتين,C:/Users/alaan/Desktop/SignData_Prepared/large_sentence_experiment/assets/cleaned_tokens/مرتين/S01_T03.mp4,C:/Users/alaan/Desktop/SignData_Prepared/large_sentence_experiment/assets/cleaned_pose_full/مرتين/TOK_0055_T03.npy,53,1629,S01,T03,TOK_0055_T03,0,2,True,
مرتين,مرتين,C:/Users/alaan/Desktop/SignData_Prepared/large_sentence_experiment/assets/cleaned_tokens/مرتين/S01_T04.mp4,C:/Users/alaan/Desktop/SignData_Prepared/large_sentence_experiment/assets/cleaned_pose_full/مرتين/TOK_0055_T04.npy,58,1629,S01,T04,TOK_0055_T04,0,0,True,
مرتين,مرتين,C:/Users/alaan/Desktop/SignData_Prepared/large_sentence_experiment/assets/cleaned_tokens/مرتين/S01_T05.mp4,C:/Users/alaan/Desktop/SignData_Prepared/large_sentence_experiment/assets/cleaned_pose_full/مرتين/TOK_0055_T05.npy,45,1629,S01,T05,TOK_0055_T05,0,1,True,
مرهم,مرهم,C:/Users/alaan/Desktop/SignData_Prepared/large_sentence_experiment/assets/cleaned_tokens/مرهم/S01_T01.mp4,C:/Users/alaan/Desktop/SignData_Prepared/large_sentence_experiment/assets/cleaned_pose_full/مرهم/TOK_0056_T01.npy,50,1629,S01,T01,TOK_0056_T01,0,6,True,
مرهم,مرهم,C:/Users/alaan/Desktop/SignData_Prepared/large_sentence_experiment/assets/cleaned_tokens/مرهم/S01_T02.mp4,C:/Users/alaan/Desktop/SignData_Prepared/large_sentence_experiment/assets/cleaned_pose_full/مرهم/TOK_0056_T02.npy,45,1629,S01,T02,TOK_0056_T02,0,0,True,
مرهم,مرهم,C:/Users/alaan/Desktop/SignData_Prepared/large_sentence_experiment/assets/cleaned_tokens/مرهم/S01_T03.mp4,C:/Users/alaan/Desktop/SignData_Prepared/large_sentence_experiment/assets/cleaned_pose_full/مرهم/TOK_0056_T03.npy,55,1629,S01,T03,TOK_0056_T03,0,0,True,
مستقر,مستقر,C:/Users/alaan/Desktop/SignData_Prepared/large_sentence_experiment/assets/cleaned_tokens/مستقر/S01_T01.mp4,C:/Users/alaan/Desktop/SignData_Prepared/large_sentence_experiment/assets/cleaned_pose_full/مستقر/TOK_0057_T01.npy,43,1629,S01,T01,TOK_0057_T01,6,4,True,
مع الاكل,مع الأكل,C:/Users/alaan/Desktop/SignData_Prepared/large_sentence_experiment/assets/cleaned_tokens/مع الاكل/S01_T01.mp4,C:/Users/alaan/Desktop/SignData_Prepared/large_sentence_experiment/assets/cleaned_pose_full/مع الاكل/TOK_0058_T01.npy,51,1629,S01,T01,TOK_0058_T01,0,1,True,
مع الاكل,مع الأكل,C:/Users/alaan/Desktop/SignData_Prepared/large_sentence_experiment/assets/cleaned_tokens/مع الاكل/S01_T02.mp4,C:/Users/alaan/Desktop/SignData_Prepared/large_sentence_experiment/assets/cleaned_pose_full/مع الاكل/TOK_0058_T02.npy,53,1629,S01,T02,TOK_0058_T02,0,1,True,
مع الاكل,مع الأكل,C:/Users/alaan/Desktop/SignData_Prepared/large_sentence_experiment/assets/cleaned_tokens/مع الاكل/S01_T03.mp4,C:/Users/alaan/Desktop/SignData_Prepared/large_sentence_experiment/assets/cleaned_pose_full/مع الاكل/TOK_0058_T03.npy,59,1629,S01,T03,TOK_0058_T03,0,3,True,
مع الاكل,مع الأكل,C:/Users/alaan/Desktop/SignData_Prepared/large_sentence_experiment/assets/cleaned_tokens/مع الاكل/S01_T04.mp4,C:/Users/alaan/Desktop/SignData_Prepared/large_sentence_experiment/assets/cleaned_pose_full/مع الاكل/TOK_0058_T04.npy,49,1629,S01,T04,TOK_0058_T04,0,1,True,
معلقه كبيره,معلقة كبيرة,C:/Users/alaan/Desktop/SignData_Prepared/large_sentence_experiment/assets/cleaned_tokens/معلقه كبيره/S01_T01.mp4,C:/Users/alaan/Desktop/SignData_Prepared/large_sentence_experiment/assets/cleaned_pose_full/معلقه كبيره/TOK_0060_T01.npy,30,1629,S01,T01,TOK_0060_T01,30,2,True,
ممكان بارد,ممكان بارد,C:/Users/alaan/Desktop/SignData_Prepared/large_sentence_experiment/assets/cleaned_tokens/ممكان بارد/S01_T01.mp4,C:/Users/alaan/Desktop/SignData_Prepared/large_sentence_experiment/assets/cleaned_pose_full/ممكان بارد/TOK_0061_T01.npy,72,1629,S01,T01,TOK_0061_T01,13,26,True,
ممكان بارد,ممكان بارد,C:/Users/alaan/Desktop/SignData_Prepared/large_sentence_experiment/assets/cleaned_tokens/ممكان بارد/S01_T02.mp4,C:/Users/alaan/Desktop/SignData_Prepared/large_sentence_experiment/assets/cleaned_pose_full/ممكان بارد/TOK_0061_T02.npy,67,1629,S01,T02,TOK_0061_T02,0,4,True,
ممنوع لا,ممنوع - لا,C:/Users/alaan/Desktop/SignData_Prepared/large_sentence_experiment/assets/cleaned_tokens/ممنوع لا/S01_T01.mp4,C:/Users/alaan/Desktop/SignData_Prepared/large_sentence_experiment/assets/cleaned_pose_full/ممنوع لا/TOK_0062_T01.npy,45,1629,S01,T01,TOK_0062_T01,0,1,True,
ممنوع لا,ممنوع - لا,C:/Users/alaan/Desktop/SignData_Prepared/large_sentence_experiment/assets/cleaned_tokens/ممنوع لا/S01_T02.mp4,C:/Users/alaan/Desktop/SignData_Prepared/large_sentence_experiment/assets/cleaned_pose_full/ممنوع لا/TOK_0062_T02.npy,42,1629,S01,T02,TOK_0062_T02,0,0,True,
ممنوع لا,ممنوع - لا,C:/Users/alaan/Desktop/SignData_Prepared/large_sentence_experiment/assets/cleaned_tokens/ممنوع لا/S01_T03.mp4,C:/Users/alaan/Desktop/SignData_Prepared/large_sentence_experiment/assets/cleaned_pose_full/ممنوع لا/TOK_0062_T03.npy,46,1629,S01,T03,TOK_0062_T03,0,4,True,
ممنوع لا,ممنوع - لا,C:/Users/alaan/Desktop/SignData_Prepared/large_sentence_experiment/assets/cleaned_tokens/ممنوع لا/S01_T04.mp4,C:/Users/alaan/Desktop/SignData_Prepared/large_sentence_experiment/assets/cleaned_pose_full/ممنوع لا/TOK_0062_T04.npy,42,1629,S01,T04,TOK_0062_T04,0,2,True,
منخفض,منخفض,C:/Users/alaan/Desktop/SignData_Prepared/large_sentence_experiment/assets/cleaned_tokens/منخفض/S01_T01.mp4,C:/Users/alaan/Desktop/SignData_Prepared/large_sentence_experiment/assets/cleaned_pose_full/منخفض/TOK_0063_T01.npy,33,1629,S01,T01,TOK_0063_T01,1,10,True,
نصف حبه,نصف حبة,C:/Users/alaan/Desktop/SignData_Prepared/large_sentence_experiment/assets/cleaned_tokens/نصف حبه/S01_T01.mp4,C:/Users/alaan/Desktop/SignData_Prepared/large_sentence_experiment/assets/cleaned_pose_full/نصف حبه/TOK_0064_T01.npy,62,1629,S01,T01,TOK_0064_T01,14,8,True,
نصف حبه,نصف حبة,C:/Users/alaan/Desktop/SignData_Prepared/large_sentence_experiment/assets/cleaned_tokens/نصف حبه/S01_T02.mp4,C:/Users/alaan/Desktop/SignData_Prepared/large_sentence_experiment/assets/cleaned_pose_full/نصف حبه/TOK_0064_T02.npy,29,1629,S01,T02,TOK_0064_T02,0,6,True,
نصف ساعه,نصف ساعة,C:/Users/alaan/Desktop/SignData_Prepared/large_sentence_experiment/assets/cleaned_tokens/نصف ساعه/S01_T01.mp4,C:/Users/alaan/Desktop/SignData_Prepared/large_sentence_experiment/assets/cleaned_pose_full/نصف ساعه/TOK_0065_T01.npy,35,1629,S01,T01,TOK_0065_T01,7,16,True,
نعاس,نعاس,C:/Users/alaan/Desktop/SignData_Prepared/large_sentence_experiment/assets/cleaned_tokens/نعاس/S01_T01.mp4,C:/Users/alaan/Desktop/SignData_Prepared/large_sentence_experiment/assets/cleaned_pose_full/نعاس/TOK_0066_T01.npy,54,1629,S01,T01,TOK_0066_T01,1,0,True,
نعاس,نعاس,C:/Users/alaan/Desktop/SignData_Prepared/large_sentence_experiment/assets/cleaned_tokens/نعاس/S01_T02.mp4,C:/Users/alaan/Desktop/SignData_Prepared/large_sentence_experiment/assets/cleaned_pose_full/نعاس/TOK_0066_T02.npy,41,1629,S01,T02,TOK_0066_T02,0,0,True,
نعاس,نعاس,C:/Users/alaan/Desktop/SignData_Prepared/large_sentence_experiment/assets/cleaned_tokens/نعاس/S01_T03.mp4,C:/Users/alaan/Desktop/SignData_Prepared/large_sentence_experiment/assets/cleaned_pose_full/نعاس/TOK_0066_T03.npy,74,1629,S01,T03,TOK_0066_T03,0,2,True,
نعاس,نعاس,C:/Users/alaan/Desktop/SignData_Prepared/large_sentence_experiment/assets/cleaned_tokens/نعاس/S01_T04.mp4,C:/Users/alaan/Desktop/SignData_Prepared/large_sentence_experiment/assets/cleaned_pose_full/نعاس/TOK_0066_T04.npy,47,1629,S01,T04,TOK_0066_T04,0,1,True,
نقطه,نقطة,C:/Users/alaan/Desktop/SignData_Prepared/large_sentence_experiment/assets/cleaned_tokens/نقطه/S01_T01.mp4,C:/Users/alaan/Desktop/SignData_Prepared/large_sentence_experiment/assets/cleaned_pose_full/نقطه/TOK_0067_T01.npy,47,1629,S01,T01,TOK_0067_T01,0,10,True,
نقطه,نقطة,C:/Users/alaan/Desktop/SignData_Prepared/large_sentence_experiment/assets/cleaned_tokens/نقطه/S01_T02.mp4,C:/Users/alaan/Desktop/SignData_Prepared/large_sentence_experiment/assets/cleaned_pose_full/نقطه/TOK_0067_T02.npy,37,1629,S01,T02,TOK_0067_T02,0,0,True,
نقطه,نقطة,C:/Users/alaan/Desktop/SignData_Prepared/large_sentence_experiment/assets/cleaned_tokens/نقطه/S01_T03.mp4,C:/Users/alaan/Desktop/SignData_Prepared/large_sentence_experiment/assets/cleaned_pose_full/نقطه/TOK_0067_T03.npy,56,1629,S01,T03,TOK_0067_T03,1,1,True,
نقطه,نقطة,C:/Users/alaan/Desktop/SignData_Prepared/large_sentence_experiment/assets/cleaned_tokens/نقطه/S01_T04.mp4,C:/Users/alaan/Desktop/SignData_Prepared/large_sentence_experiment/assets/cleaned_pose_full/نقطه/TOK_0067_T04.npy,44,1629,S01,T04,TOK_0067_T04,2,0,True,
واحد,واحد,C:/Users/alaan/Desktop/SignData_Prepared/large_sentence_experiment/assets/cleaned_tokens/واحد/S01_T01.mp4,C:/Users/alaan/Desktop/SignData_Prepared/large_sentence_experiment/assets/cleaned_pose_full/واحد/TOK_0068_T01.npy,33,1629,S01,T01,TOK_0068_T01,0,6,True,
واحد,واحد,C:/Users/alaan/Desktop/SignData_Prepared/large_sentence_experiment/assets/cleaned_tokens/واحد/S01_T02.mp4,C:/Users/alaan/Desktop/SignData_Prepared/large_sentence_experiment/assets/cleaned_pose_full/واحد/TOK_0068_T02.npy,29,1629,S01,T02,TOK_0068_T02,0,0,True,
واحد,واحد,C:/Users/alaan/Desktop/SignData_Prepared/large_sentence_experiment/assets/cleaned_tokens/واحد/S01_T03.mp4,C:/Users/alaan/Desktop/SignData_Prepared/large_sentence_experiment/assets/cleaned_pose_full/واحد/TOK_0068_T03.npy,38,1629,S01,T03,TOK_0068_T03,0,3,True,
واحد,واحد,C:/Users/alaan/Desktop/SignData_Prepared/large_sentence_experiment/assets/cleaned_tokens/واحد/S01_T04.mp4,C:/Users/alaan/Desktop/SignData_Prepared/large_sentence_experiment/assets/cleaned_pose_full/واحد/TOK_0068_T04.npy,23,1629,S01,T04,TOK_0068_T04,0,0,True,
يوم,يوم,C:/Users/alaan/Desktop/SignData_Prepared/large_sentence_experiment/assets/cleaned_tokens/يوم/S01_T01.mp4,C:/Users/alaan/Desktop/SignData_Prepared/large_sentence_experiment/assets/cleaned_pose_full/يوم/TOK_0069_T01.npy,41,1629,S01,T01,TOK_0069_T01,2,4,True,
يوم,يوم,C:/Users/alaan/Desktop/SignData_Prepared/large_sentence_experiment/assets/cleaned_tokens/يوم/S01_T02.mp4,C:/Users/alaan/Desktop/SignData_Prepared/large_sentence_experiment/assets/cleaned_pose_full/يوم/TOK_0069_T02.npy,41,1629,S01,T02,TOK_0069_T02,0,1,True,
يوم,يوم,C:/Users/alaan/Desktop/SignData_Prepared/large_sentence_experiment/assets/cleaned_tokens/يوم/S01_T03.mp4,C:/Users/alaan/Desktop/SignData_Prepared/large_sentence_experiment/assets/cleaned_pose_full/يوم/TOK_0069_T03.npy,57,1629,S01,T03,TOK_0069_T03,0,2,True,
يوم,يوم,C:/Users/alaan/Desktop/SignData_Prepared/large_sentence_experiment/assets/cleaned_tokens/يوم/S01_T04.mp4,C:/Users/alaan/Desktop/SignData_Prepared/large_sentence_experiment/assets/cleaned_pose_full/يوم/TOK_0069_T04.npy,41,1629,S01,T04,TOK_0069_T04,0,1,True,
يوميا,يومياً,C:/Users/alaan/Desktop/SignData_Prepared/large_sentence_experiment/assets/cleaned_tokens/يوميا/S01_T01.mp4,C:/Users/alaan/Desktop/SignData_Prepared/large_sentence_experiment/assets/cleaned_pose_full/يوميا/TOK_0070_T01.npy,50,1629,S01,T01,TOK_0070_T01,0,4,True,
يوميا,يومياً,C:/Users/alaan/Desktop/SignData_Prepared/large_sentence_experiment/assets/cleaned_tokens/يوميا/S01_T02.mp4,C:/Users/alaan/Desktop/SignData_Prepared/large_sentence_experiment/assets/cleaned_pose_full/يوميا/TOK_0070_T02.npy,50,1629,S01,T02,TOK_0070_T02,0,2,True,
يوميا,يومياً,C:/Users/alaan/Desktop/SignData_Prepared/large_sentence_experiment/assets/cleaned_tokens/يوميا/S01_T03.mp4,C:/Users/alaan/Desktop/SignData_Prepared/large_sentence_experiment/assets/cleaned_pose_full/يوميا/TOK_0070_T03.npy,42,1629,S01,T03,TOK_0070_T03,13,2,True,
يوميا,يومياً,C:/Users/alaan/Desktop/SignData_Prepared/large_sentence_experiment/assets/cleaned_tokens/يوميا/S01_T04.mp4,C:/Users/alaan/Desktop/SignData_Prepared/large_sentence_experiment/assets/cleaned_pose_full/يوميا/TOK_0070_T04.npy,51,1629,S01,T04,TOK_0070_T04,0,2,True,
